{
    "sizes": [
        5,
        10,
        20,
        50,
        100
    ],
    "means": [
        80.96000000000001,
        91.60000000000001,
        97.388,
        98.076,
        98.82
    ],
    "stds": [
        19.59639150456022,
        10.96904736064167,
        0.9384327360018944,
        0.703010668482349,
        0.36889022757454554
    ],
    "raw_data": {
        "size_5": [
            74.2,
            95.67999999999999,
            73.72,
            94.64,
            98.4,
            95.36,
            36.64,
            86.0,
            57.32000000000001,
            97.64
        ],
        "size_10": [
            78.60000000000001,
            96.67999999999999,
            98.92,
            63.36000000000001,
            93.47999999999999,
            99.0,
            95.96000000000001,
            95.96000000000001,
            95.96000000000001,
            98.08
        ],
        "size_20": [
            96.16,
            99.03999999999999,
            97.08,
            96.2,
            97.56,
            97.6,
            97.32,
            96.67999999999999,
            98.96000000000001,
            97.28
        ],
        "size_50": [
            98.76,
            98.0,
            98.44000000000001,
            98.4,
            96.64,
            99.03999999999999,
            98.68,
            97.76,
            97.24000000000001,
            97.8
        ],
        "size_100": [
            98.96000000000001,
            97.92,
            98.64,
            98.68,
            99.08,
            98.96000000000001,
            99.03999999999999,
            98.76,
            98.76,
            99.4
        ]
    }
}